"Iteration","Method","Q_Value","FDP","TDP","FDP_Plus","TDP_Plus"
1,"dp",0.1,0.0833333333333333,0.88,0.0833333333333333,0.88
1,"rank",0.1,0.148148148148148,0.92,0.0434782608695652,0.88
1,"bhq",0.1,0,0,0,0.92
1,"dp",0.2,0.214285714285714,0.88,0.185185185185185,0.88
1,"rank",0.2,0.294117647058824,0.96,0.25,0.96
1,"bhq",0.2,0,0,0,1
1,"dp",0.3,0.371428571428571,0.88,0.352941176470588,0.88
1,"rank",0.3,0.4,0.96,0.368421052631579,0.96
1,"bhq",0.3,0,0,0.0384615384615385,1
2,"dp",0.1,0.242424242424242,1,0.225806451612903,0.96
2,"rank",0.1,0.0740740740740741,1,0.0740740740740741,1
2,"bhq",0.1,0,0,0,0.72
2,"dp",0.2,0.375,1,0.358974358974359,1
2,"rank",0.2,0.166666666666667,1,0.107142857142857,1
2,"bhq",0.2,0,0,0,0.84
2,"dp",0.3,0.404761904761905,1,0.404761904761905,1
2,"rank",0.3,0.166666666666667,1,0.166666666666667,1
2,"bhq",0.3,0,0,0,0.88
3,"dp",0.1,0.242424242424242,1,0.193548387096774,1
3,"rank",0.1,0.08,0.92,0.0434782608695652,0.88
3,"bhq",0.1,0,0,0,0.84
3,"dp",0.2,0.264705882352941,1,0.242424242424242,1
3,"rank",0.2,0.418604651162791,1,0.418604651162791,1
3,"bhq",0.2,0,0,0,0.96
3,"dp",0.3,0.324324324324324,1,0.264705882352941,1
3,"rank",0.3,0.489795918367347,1,0.489795918367347,1
3,"bhq",0.3,0,0,0,0.96
4,"dp",0.1,0.0416666666666667,0.92,0.0416666666666667,0.92
4,"rank",0.1,0.166666666666667,1,0.137931034482759,1
4,"bhq",0.1,0,0,0,0.84
4,"dp",0.2,0.166666666666667,1,0.0769230769230769,0.96
4,"rank",0.2,0.305555555555556,1,0.305555555555556,1
4,"bhq",0.2,0,0,0,0.88
4,"dp",0.3,0.193548387096774,1,0.193548387096774,1
4,"rank",0.3,0.305555555555556,1,0.305555555555556,1
4,"bhq",0.3,0,0,0,0.88
5,"dp",0.1,0.148148148148148,0.92,0.115384615384615,0.92
5,"rank",0.1,0.148148148148148,0.92,0.148148148148148,0.92
5,"bhq",0.1,0,0,0,0.96
5,"dp",0.2,0.206896551724138,0.92,0.178571428571429,0.92
5,"rank",0.2,0.414634146341463,0.96,0.233333333333333,0.92
5,"bhq",0.2,0,0,0,1
5,"dp",0.3,0.258064516129032,0.92,0.233333333333333,0.92
5,"rank",0.3,0.428571428571429,0.96,0.428571428571429,0.96
5,"bhq",0.3,0,0,0.0384615384615385,1
6,"dp",0.1,0.242424242424242,1,0.166666666666667,1
6,"rank",0.1,0.2,0.96,0.2,0.96
6,"bhq",0.1,0,0,0,0.72
6,"dp",0.2,0.242424242424242,1,0.242424242424242,1
6,"rank",0.2,0.225806451612903,0.96,0.225806451612903,0.96
6,"bhq",0.2,0,0,0,0.84
6,"dp",0.3,0.305555555555556,1,0.305555555555556,1
6,"rank",0.3,0.351351351351351,0.96,0.294117647058824,0.96
6,"bhq",0.3,0,0,0,0.84
7,"dp",0.1,0.148148148148148,0.92,0.08,0.92
7,"rank",0.1,0.25,0.96,0.25,0.96
7,"bhq",0.1,0,0,0,0.88
7,"dp",0.2,0.351351351351351,0.96,0.2,0.96
7,"rank",0.2,0.25,0.96,0.25,0.96
7,"bhq",0.2,0,0,0,0.92
7,"dp",0.3,0.431818181818182,1,0.375,1
7,"rank",0.3,0.314285714285714,0.96,0.314285714285714,0.96
7,"bhq",0.3,0,0,0,1
8,"dp",0.1,0.0740740740740741,1,0.0384615384615385,1
8,"rank",0.1,0.0769230769230769,0.96,0.0769230769230769,0.96
8,"bhq",0.1,0,0,0,0.8
8,"dp",0.2,0.305555555555556,1,0.242424242424242,1
8,"rank",0.2,0.285714285714286,1,0.166666666666667,1
8,"bhq",0.2,0,0,0,0.88
8,"dp",0.3,0.418604651162791,1,0.358974358974359,1
8,"rank",0.3,0.324324324324324,1,0.305555555555556,1
8,"bhq",0.3,0,0,0,0.88
9,"dp",0.1,0.166666666666667,1,0.04,0.96
9,"rank",0.1,0.0740740740740741,1,0.0740740740740741,1
9,"bhq",0.1,0,0,0.137931034482759,1
9,"dp",0.2,0.418604651162791,1,0.285714285714286,1
9,"rank",0.2,0.166666666666667,1,0.166666666666667,1
9,"bhq",0.2,0,0,0.193548387096774,1
9,"dp",0.3,0.468085106382979,1,0.468085106382979,1
9,"rank",0.3,0.431818181818182,1,0.404761904761905,1
9,"bhq",0.3,0,0,0.193548387096774,1
10,"dp",0.1,0.172413793103448,0.96,0.08,0.92
10,"rank",0.1,0.225806451612903,0.96,0.08,0.92
10,"bhq",0.1,0,0,0,0.72
10,"dp",0.2,0.225806451612903,0.96,0.2,0.96
10,"rank",0.2,0.314285714285714,0.96,0.314285714285714,0.96
10,"bhq",0.2,0,0,0,0.8
10,"dp",0.3,0.225806451612903,0.96,0.225806451612903,0.96
10,"rank",0.3,0.5,0.96,0.5,0.96
10,"bhq",0.3,0,0,0,0.84
11,"dp",0.1,0,1,0,1
11,"rank",0.1,0.166666666666667,1,0,1
11,"bhq",0.1,0,0,0,0.84
11,"dp",0.2,0.0740740740740741,1,0.0384615384615385,1
11,"rank",0.2,0.264705882352941,1,0.21875,1
11,"bhq",0.2,0,0,0,0.96
11,"dp",0.3,0.21875,1,0.193548387096774,1
11,"rank",0.3,0.285714285714286,1,0.285714285714286,1
11,"bhq",0.3,0,0,0,0.96
12,"dp",0.1,0.0416666666666667,0.92,0.0416666666666667,0.92
12,"rank",0.1,0.25,0.96,0.2,0.96
12,"bhq",0.1,0,0,0,0.88
12,"dp",0.2,0.0769230769230769,0.96,0.0769230769230769,0.96
12,"rank",0.2,0.285714285714286,1,0.25,0.96
12,"bhq",0.2,0,0,0,0.92
12,"dp",0.3,0.324324324324324,1,0.324324324324324,1
12,"rank",0.3,0.285714285714286,1,0.285714285714286,1
12,"bhq",0.3,0,0,0,0.92
13,"dp",0.1,0.0384615384615385,1,0.0384615384615385,1
13,"rank",0.1,0.0740740740740741,1,0,1
13,"bhq",0.1,0,0,0,0.8
13,"dp",0.2,0.242424242424242,1,0.107142857142857,1
13,"rank",0.2,0.0740740740740741,1,0.0740740740740741,1
13,"bhq",0.2,0,0,0,0.96
13,"dp",0.3,0.519230769230769,1,0.519230769230769,1
13,"rank",0.3,0.342105263157895,1,0.342105263157895,1
13,"bhq",0.3,0,0,0,1
14,"dp",0.1,0.111111111111111,0.96,0.0769230769230769,0.96
14,"rank",0.1,0.21875,1,0.193548387096774,1
14,"bhq",0.1,0,0,0.0384615384615385,1
14,"dp",0.2,0.25,0.96,0.142857142857143,0.96
14,"rank",0.2,0.418604651162791,1,0.404761904761905,1
14,"bhq",0.2,0,0,0.0740740740740741,1
14,"dp",0.3,0.305555555555556,1,0.305555555555556,1
14,"rank",0.3,0.509803921568627,1,0.468085106382979,1
14,"bhq",0.3,0,0,0.107142857142857,1
15,"dp",0.1,0.0769230769230769,0.96,0,0.96
15,"rank",0.1,0.0384615384615385,1,0,0.92
15,"bhq",0.1,0,0,0,0.96
15,"dp",0.2,0.111111111111111,0.96,0.0769230769230769,0.96
15,"rank",0.2,0.0740740740740741,1,0.0740740740740741,1
15,"bhq",0.2,0,0,0,1
15,"dp",0.3,0.21875,1,0.2,0.96
15,"rank",0.3,0.264705882352941,1,0.166666666666667,1
15,"bhq",0.3,0,0,0,1
16,"dp",0.1,0.0769230769230769,0.96,0.0769230769230769,0.96
16,"rank",0.1,0.0434782608695652,0.88,0,0.88
16,"bhq",0.1,0,0,0,0.88
16,"dp",0.2,0.225806451612903,0.96,0.172413793103448,0.96
16,"rank",0.2,0.148148148148148,0.92,0.148148148148148,0.92
16,"bhq",0.2,0,0,0,0.92
16,"dp",0.3,0.294117647058824,0.96,0.294117647058824,0.96
16,"rank",0.3,0.2,0.96,0.2,0.96
16,"bhq",0.3,0,0,0.0384615384615385,1
17,"dp",0.1,0.233333333333333,0.92,0.148148148148148,0.92
17,"rank",0.1,0.185185185185185,0.88,0.125,0.84
17,"bhq",0.1,0,0,0,0.76
17,"dp",0.2,0.258064516129032,0.92,0.233333333333333,0.92
17,"rank",0.2,0.439024390243902,0.92,0.378378378378378,0.92
17,"bhq",0.2,0,0,0,0.76
17,"dp",0.3,0.28125,0.92,0.258064516129032,0.92
17,"rank",0.3,0.520833333333333,0.92,0.51063829787234,0.92
17,"bhq",0.3,0,0,0,0.76
18,"dp",0.1,0.0434782608695652,0.88,0.0454545454545455,0.84
18,"rank",0.1,0.111111111111111,0.96,0.111111111111111,0.96
18,"bhq",0.1,0,0,0,0.88
18,"dp",0.2,0.0833333333333333,0.88,0.0434782608695652,0.88
18,"rank",0.2,0.272727272727273,0.96,0.111111111111111,0.96
18,"bhq",0.2,0,0,0,0.96
18,"dp",0.3,0.0833333333333333,0.88,0.0833333333333333,0.88
18,"rank",0.3,0.272727272727273,0.96,0.272727272727273,0.96
18,"bhq",0.3,0,0,0,0.96
19,"dp",0.1,0.242424242424242,1,0.242424242424242,1
19,"rank",0.1,0.0384615384615385,1,0.0384615384615385,1
19,"bhq",0.1,0,0,0,0.96
19,"dp",0.2,0.375,1,0.264705882352941,1
19,"rank",0.2,0.166666666666667,1,0.166666666666667,1
19,"bhq",0.2,0,0,0,0.96
19,"dp",0.3,0.519230769230769,1,0.509803921568627,1
19,"rank",0.3,0.264705882352941,1,0.264705882352941,1
19,"bhq",0.3,0,0,0,0.96
20,"dp",0.1,0.390243902439024,1,0.225806451612903,0.96
20,"rank",0.1,0.225806451612903,0.96,0.225806451612903,0.96
20,"bhq",0.1,0,0,0,0.92
20,"dp",0.2,0.509803921568627,1,0.5,1
20,"rank",0.2,0.351351351351351,0.96,0.351351351351351,0.96
20,"bhq",0.2,0,0,0,0.92
20,"dp",0.3,0.609375,1,0.609375,1
20,"rank",0.3,0.478260869565217,0.96,0.454545454545455,0.96
20,"bhq",0.3,0,0,0,0.96
21,"dp",0.1,0.0384615384615385,1,0.0384615384615385,1
21,"rank",0.1,0.04,0.96,0.04,0.96
21,"bhq",0.1,0,0,0,0.72
21,"dp",0.2,0.0384615384615385,1,0.0384615384615385,1
21,"rank",0.2,0.0740740740740741,1,0.0740740740740741,1
21,"bhq",0.2,0,0,0,0.72
21,"dp",0.3,0.0384615384615385,1,0.0384615384615385,1
21,"rank",0.3,0.21875,1,0.21875,1
21,"bhq",0.3,0,0,0,0.84
22,"dp",0.1,0.107142857142857,1,0.0384615384615385,1
22,"rank",0.1,0.166666666666667,1,0.166666666666667,1
22,"bhq",0.1,0,0,0,0.92
22,"dp",0.2,0.193548387096774,1,0.193548387096774,1
22,"rank",0.2,0.193548387096774,1,0.166666666666667,1
22,"bhq",0.2,0,0,0,0.96
22,"dp",0.3,0.264705882352941,1,0.264705882352941,1
22,"rank",0.3,0.305555555555556,1,0.285714285714286,1
22,"bhq",0.3,0,0,0.04,0.96
23,"dp",0.1,0.08,0.92,0,0.88
23,"rank",0.1,0.225806451612903,0.96,0.142857142857143,0.96
23,"bhq",0.1,0,0,0,0.72
23,"dp",0.2,0.25,0.96,0.172413793103448,0.96
23,"rank",0.2,0.333333333333333,0.96,0.25,0.96
23,"bhq",0.2,0,0,0,0.76
23,"dp",0.3,0.25,0.96,0.25,0.96
23,"rank",0.3,0.384615384615385,0.96,0.351351351351351,0.96
23,"bhq",0.3,0,0,0,0.84
24,"dp",0.1,0.115384615384615,0.92,0.0833333333333333,0.88
24,"rank",0.1,0.0769230769230769,0.96,0.0769230769230769,0.96
24,"bhq",0.1,0,0,0,0.76
24,"dp",0.2,0.115384615384615,0.92,0.115384615384615,0.92
24,"rank",0.2,0.2,0.96,0.111111111111111,0.96
24,"bhq",0.2,0,0,0,0.8
24,"dp",0.3,0.25,0.96,0.142857142857143,0.96
24,"rank",0.3,0.25,0.96,0.225806451612903,0.96
24,"bhq",0.3,0,0,0,0.92
25,"dp",0.1,0.148148148148148,0.92,0.115384615384615,0.92
25,"rank",0.1,0.192307692307692,0.84,0.192307692307692,0.84
25,"bhq",0.1,0,0,0,0.8
25,"dp",0.2,0.148148148148148,0.92,0.148148148148148,0.92
25,"rank",0.2,0.378378378378378,0.92,0.361111111111111,0.92
25,"bhq",0.2,0,0,0,0.88
25,"dp",0.3,0.178571428571429,0.92,0.178571428571429,0.92
25,"rank",0.3,0.52,0.96,0.52,0.96
25,"bhq",0.3,0,0,0,0.92
26,"dp",0.1,0.166666666666667,1,0.166666666666667,1
26,"rank",0.1,0,1,0,1
26,"bhq",0.1,0,0,0,0.96
26,"dp",0.2,0.242424242424242,1,0.242424242424242,1
26,"rank",0.2,0.166666666666667,1,0.0384615384615385,1
26,"bhq",0.2,0,0,0,0.96
26,"dp",0.3,0.305555555555556,1,0.264705882352941,1
26,"rank",0.3,0.375,1,0.264705882352941,1
26,"bhq",0.3,0,0,0,1
27,"dp",0.1,0.04,0.96,0.04,0.96
27,"rank",0.1,0.107142857142857,1,0.0384615384615385,1
27,"bhq",0.1,0,0,0,1
27,"dp",0.2,0.193548387096774,1,0.166666666666667,1
27,"rank",0.2,0.21875,1,0.21875,1
27,"bhq",0.2,0,0,0,1
27,"dp",0.3,0.324324324324324,1,0.324324324324324,1
27,"rank",0.3,0.285714285714286,1,0.285714285714286,1
27,"bhq",0.3,0,0,0.0384615384615385,1
28,"dp",0.1,0.111111111111111,0.96,0.08,0.92
28,"rank",0.1,0.0416666666666667,0.92,0.0416666666666667,0.92
28,"bhq",0.1,0,0,0,0.6
28,"dp",0.2,0.454545454545455,0.96,0.441860465116279,0.96
28,"rank",0.2,0.258064516129032,0.92,0.258064516129032,0.92
28,"bhq",0.2,0,0,0,0.72
28,"dp",0.3,0.52,0.96,0.52,0.96
28,"rank",0.3,0.48936170212766,0.96,0.48936170212766,0.96
28,"bhq",0.3,0,0,0,0.76
29,"dp",0.1,0.148148148148148,0.92,0.115384615384615,0.92
29,"rank",0.1,0.193548387096774,1,0.111111111111111,0.96
29,"bhq",0.1,0,0,0.0416666666666667,0.92
29,"dp",0.2,0.242424242424242,1,0.25,0.96
29,"rank",0.2,0.242424242424242,1,0.21875,1
29,"bhq",0.2,0,0,0.0416666666666667,0.92
29,"dp",0.3,0.375,1,0.305555555555556,1
29,"rank",0.3,0.242424242424242,1,0.242424242424242,1
29,"bhq",0.3,0,0,0.0769230769230769,0.96
30,"dp",0.1,0.25,0.96,0.25,0.96
30,"rank",0.1,0.166666666666667,1,0.0769230769230769,0.96
30,"bhq",0.1,0,0,0,0.96
30,"dp",0.2,0.351351351351351,0.96,0.314285714285714,0.96
30,"rank",0.2,0.264705882352941,1,0.193548387096774,1
30,"bhq",0.2,0,0,0,1
30,"dp",0.3,0.390243902439024,1,0.375,1
30,"rank",0.3,0.375,1,0.375,1
30,"bhq",0.3,0,0,0,1
31,"dp",0.1,0.0454545454545455,0.84,0.0454545454545455,0.84
31,"rank",0.1,0.272727272727273,0.96,0.272727272727273,0.96
31,"bhq",0.1,0,0,0,0.76
31,"dp",0.2,0.394736842105263,0.92,0.394736842105263,0.92
31,"rank",0.2,0.368421052631579,0.96,0.272727272727273,0.96
31,"bhq",0.2,0,0,0,0.8
31,"dp",0.3,0.454545454545455,0.96,0.439024390243902,0.92
31,"rank",0.3,0.454545454545455,0.96,0.428571428571429,0.96
31,"bhq",0.3,0,0,0,0.8
32,"dp",0.1,0.04,0.96,0.04,0.96
32,"rank",0.1,0.142857142857143,0.96,0.142857142857143,0.96
32,"bhq",0.1,0,0,0.0740740740740741,1
32,"dp",0.2,0.193548387096774,1,0.111111111111111,0.96
32,"rank",0.2,0.314285714285714,0.96,0.314285714285714,0.96
32,"bhq",0.2,0,0,0.0740740740740741,1
32,"dp",0.3,0.193548387096774,1,0.193548387096774,1
32,"rank",0.3,0.314285714285714,0.96,0.314285714285714,0.96
32,"bhq",0.3,0,0,0.0740740740740741,1
33,"dp",0.1,0.0769230769230769,0.96,0,0.92
33,"rank",0.1,0.2,0.96,0.2,0.96
33,"bhq",0.1,0,0,0,0.84
33,"dp",0.2,0.172413793103448,0.96,0.172413793103448,0.96
33,"rank",0.2,0.478260869565217,0.96,0.4,0.96
33,"bhq",0.2,0,0,0.0434782608695652,0.88
33,"dp",0.3,0.2,0.96,0.172413793103448,0.96
33,"rank",0.3,0.478260869565217,0.96,0.478260869565217,0.96
33,"bhq",0.3,0,0,0.0434782608695652,0.88
34,"dp",0.1,0.0454545454545455,0.84,0.0454545454545455,0.84
34,"rank",0.1,0.193548387096774,1,0.137931034482759,1
34,"bhq",0.1,0,0,0,1
34,"dp",0.2,0.21875,1,0.21875,1
34,"rank",0.2,0.242424242424242,1,0.242424242424242,1
34,"bhq",0.2,0,0,0,1
34,"dp",0.3,0.342105263157895,1,0.342105263157895,1
34,"rank",0.3,0.324324324324324,1,0.305555555555556,1
34,"bhq",0.3,0,0,0,1
35,"dp",0.1,0.242424242424242,1,0.193548387096774,1
35,"rank",0.1,0.285714285714286,1,0.21875,1
35,"bhq",0.1,0,0,0,0.76
35,"dp",0.2,0.358974358974359,1,0.305555555555556,1
35,"rank",0.2,0.418604651162791,1,0.375,1
35,"bhq",0.2,0,0,0,0.96
35,"dp",0.3,0.404761904761905,1,0.404761904761905,1
35,"rank",0.3,0.444444444444444,1,0.444444444444444,1
35,"bhq",0.3,0,0,0,0.96
36,"dp",0.1,0.142857142857143,0.96,0.115384615384615,0.92
36,"rank",0.1,0.21875,1,0.0416666666666667,0.92
36,"bhq",0.1,0,0,0,0.84
36,"dp",0.2,0.324324324324324,1,0.305555555555556,1
36,"rank",0.2,0.324324324324324,1,0.324324324324324,1
36,"bhq",0.2,0,0,0,0.96
36,"dp",0.3,0.375,1,0.342105263157895,1
36,"rank",0.3,0.418604651162791,1,0.418604651162791,1
36,"bhq",0.3,0,0,0,0.96
37,"dp",0.1,0.0869565217391304,0.84,0.0869565217391304,0.84
37,"rank",0.1,0.242424242424242,1,0.21875,1
37,"bhq",0.1,0,0,0,0.92
37,"dp",0.2,0.12,0.88,0.0869565217391304,0.84
37,"rank",0.2,0.324324324324324,1,0.285714285714286,1
37,"bhq",0.2,0,0,0,0.96
37,"dp",0.3,0.185185185185185,0.88,0.12,0.88
37,"rank",0.3,0.444444444444444,1,0.431818181818182,1
37,"bhq",0.3,0,0,0,1
38,"dp",0.1,0.333333333333333,0.96,0.294117647058824,0.96
38,"rank",0.1,0.375,1,0.242424242424242,1
38,"bhq",0.1,0,0,0,0.76
38,"dp",0.2,0.333333333333333,0.96,0.333333333333333,0.96
38,"rank",0.2,0.456521739130435,1,0.418604651162791,1
38,"bhq",0.2,0,0,0.0434782608695652,0.88
38,"dp",0.3,0.384615384615385,0.96,0.368421052631579,0.96
38,"rank",0.3,0.583333333333333,1,0.553571428571429,1
38,"bhq",0.3,0,0,0.0434782608695652,0.88
39,"dp",0.1,0.0769230769230769,0.96,0,0.92
39,"rank",0.1,0.111111111111111,0.96,0.115384615384615,0.92
39,"bhq",0.1,0,0,0,0.8
39,"dp",0.2,0.107142857142857,1,0.107142857142857,1
39,"rank",0.2,0.21875,1,0.21875,1
39,"bhq",0.2,0,0,0,0.88
39,"dp",0.3,0.21875,1,0.107142857142857,1
39,"rank",0.3,0.264705882352941,1,0.264705882352941,1
39,"bhq",0.3,0,0,0,0.92
40,"dp",0.1,0.111111111111111,0.96,0.0769230769230769,0.96
40,"rank",0.1,0.0416666666666667,0.92,0,0.92
40,"bhq",0.1,0,0,0,0.96
40,"dp",0.2,0.137931034482759,1,0.137931034482759,1
40,"rank",0.2,0.04,0.96,0.04,0.96
40,"bhq",0.2,0,0,0.04,0.96
40,"dp",0.3,0.166666666666667,1,0.166666666666667,1
40,"rank",0.3,0.2,0.96,0.172413793103448,0.96
40,"bhq",0.3,0,0,0.04,0.96
41,"dp",0.1,0.0384615384615385,1,0.0384615384615385,1
41,"rank",0.1,0.166666666666667,1,0.137931034482759,1
41,"bhq",0.1,0,0,0,0.96
41,"dp",0.2,0.166666666666667,1,0.107142857142857,1
41,"rank",0.2,0.324324324324324,1,0.324324324324324,1
41,"bhq",0.2,0,0,0,0.96
41,"dp",0.3,0.264705882352941,1,0.264705882352941,1
41,"rank",0.3,0.390243902439024,1,0.390243902439024,1
41,"bhq",0.3,0,0,0,1
42,"dp",0.1,0.225806451612903,0.96,0.0434782608695652,0.88
42,"rank",0.1,0.21875,1,0.21875,1
42,"bhq",0.1,0,0,0,0.72
42,"dp",0.2,0.25,0.96,0.225806451612903,0.96
42,"rank",0.2,0.242424242424242,1,0.242424242424242,1
42,"bhq",0.2,0,0,0,0.72
42,"dp",0.3,0.294117647058824,0.96,0.25,0.96
42,"rank",0.3,0.324324324324324,1,0.242424242424242,1
42,"bhq",0.3,0,0,0,0.84
43,"dp",0.1,0.111111111111111,0.96,0.111111111111111,0.96
43,"rank",0.1,0.166666666666667,1,0.137931034482759,1
43,"bhq",0.1,0,0,0,0.92
43,"dp",0.2,0.285714285714286,1,0.225806451612903,0.96
43,"rank",0.2,0.242424242424242,1,0.242424242424242,1
43,"bhq",0.2,0,0,0,0.96
43,"dp",0.3,0.324324324324324,1,0.324324324324324,1
43,"rank",0.3,0.285714285714286,1,0.285714285714286,1
43,"bhq",0.3,0,0,0,0.96
44,"dp",0.1,0.0740740740740741,1,0.0384615384615385,1
44,"rank",0.1,0.137931034482759,1,0.137931034482759,1
44,"bhq",0.1,0,0,0,0.76
44,"dp",0.2,0.193548387096774,1,0.193548387096774,1
44,"rank",0.2,0.21875,1,0.21875,1
44,"bhq",0.2,0,0,0,0.92
44,"dp",0.3,0.242424242424242,1,0.21875,1
44,"rank",0.3,0.242424242424242,1,0.242424242424242,1
44,"bhq",0.3,0,0,0,0.92
45,"dp",0.1,0,1,0,0.92
45,"rank",0.1,0.0740740740740741,1,0.04,0.96
45,"bhq",0.1,0,0,0,0.84
45,"dp",0.2,0.0740740740740741,1,0.0740740740740741,1
45,"rank",0.2,0.21875,1,0.21875,1
45,"bhq",0.2,0,0,0,0.96
45,"dp",0.3,0.107142857142857,1,0.107142857142857,1
45,"rank",0.3,0.264705882352941,1,0.264705882352941,1
45,"bhq",0.3,0,0,0,0.96
46,"dp",0.1,0,0.88,0,0.88
46,"rank",0.1,0.0454545454545455,0.84,0.0454545454545455,0.84
46,"bhq",0.1,0,0,0,0.8
46,"dp",0.2,0.12,0.88,0.0434782608695652,0.88
46,"rank",0.2,0.0454545454545455,0.84,0.0454545454545455,0.84
46,"bhq",0.2,0,0,0,0.88
46,"dp",0.3,0.225806451612903,0.96,0.115384615384615,0.92
46,"rank",0.3,0.16,0.84,0.0454545454545455,0.84
46,"bhq",0.3,0,0,0,0.88
47,"dp",0.1,0.04,0.96,0.04,0.96
47,"rank",0.1,0.0740740740740741,1,0.0384615384615385,1
47,"bhq",0.1,0,0,0,0.8
47,"dp",0.2,0.04,0.96,0.04,0.96
47,"rank",0.2,0.166666666666667,1,0.137931034482759,1
47,"bhq",0.2,0,0,0,0.92
47,"dp",0.3,0.04,0.96,0.04,0.96
47,"rank",0.3,0.193548387096774,1,0.193548387096774,1
47,"bhq",0.3,0,0,0,1
48,"dp",0.1,0.0384615384615385,1,0.0384615384615385,1
48,"rank",0.1,0.0434782608695652,0.88,0.0434782608695652,0.88
48,"bhq",0.1,0,0,0.21875,1
48,"dp",0.2,0.137931034482759,1,0.137931034482759,1
48,"rank",0.2,0.178571428571429,0.92,0.12,0.88
48,"bhq",0.2,0,0,0.264705882352941,1
48,"dp",0.3,0.342105263157895,1,0.21875,1
48,"rank",0.3,0.233333333333333,0.92,0.233333333333333,0.92
48,"bhq",0.3,0,0,0.324324324324324,1
49,"dp",0.1,0.0740740740740741,1,0.0740740740740741,1
49,"rank",0.1,0.193548387096774,1,0.166666666666667,1
49,"bhq",0.1,0,0,0,1
49,"dp",0.2,0.166666666666667,1,0.137931034482759,1
49,"rank",0.2,0.509803921568627,1,0.404761904761905,1
49,"bhq",0.2,0,0,0,1
49,"dp",0.3,0.324324324324324,1,0.21875,1
49,"rank",0.3,0.56140350877193,1,0.553571428571429,1
49,"bhq",0.3,0,0,0,1
50,"dp",0.1,0.25,0.96,0.2,0.96
50,"rank",0.1,0.16,0.84,0.16,0.84
50,"bhq",0.1,0,0,0,0.76
50,"dp",0.2,0.384615384615385,0.96,0.368421052631579,0.96
50,"rank",0.2,0.352941176470588,0.88,0.3125,0.88
50,"bhq",0.2,0,0,0,0.8
50,"dp",0.3,0.48936170212766,0.96,0.466666666666667,0.96
50,"rank",0.3,0.378378378378378,0.92,0.342857142857143,0.92
50,"bhq",0.3,0,0,0.0454545454545455,0.84
51,"dp",0.1,0.115384615384615,0.92,0.08,0.92
51,"rank",0.1,0.193548387096774,1,0.193548387096774,1
51,"bhq",0.1,0,0,0,0.84
51,"dp",0.2,0.225806451612903,0.96,0.2,0.96
51,"rank",0.2,0.21875,1,0.193548387096774,1
51,"bhq",0.2,0,0,0,1
51,"dp",0.3,0.314285714285714,0.96,0.314285714285714,0.96
51,"rank",0.3,0.390243902439024,1,0.390243902439024,1
51,"bhq",0.3,0,0,0,1
52,"dp",0.1,0.107142857142857,1,0.0740740740740741,1
52,"rank",0.1,0.225806451612903,0.96,0.04,0.96
52,"bhq",0.1,0,0,0,0.8
52,"dp",0.2,0.21875,1,0.137931034482759,1
52,"rank",0.2,0.368421052631579,0.96,0.351351351351351,0.96
52,"bhq",0.2,0,0,0,0.88
52,"dp",0.3,0.324324324324324,1,0.324324324324324,1
52,"rank",0.3,0.414634146341463,0.96,0.384615384615385,0.96
52,"bhq",0.3,0,0,0,0.88
53,"dp",0.1,0.0769230769230769,0.96,0.04,0.96
53,"rank",0.1,0.107142857142857,1,0.04,0.96
53,"bhq",0.1,0,0,0,0.84
53,"dp",0.2,0.193548387096774,1,0.166666666666667,1
53,"rank",0.2,0.21875,1,0.193548387096774,1
53,"bhq",0.2,0,0,0,0.88
53,"dp",0.3,0.431818181818182,1,0.431818181818182,1
53,"rank",0.3,0.509803921568627,1,0.444444444444444,1
53,"bhq",0.3,0,0,0,0.92
54,"dp",0.1,0.153846153846154,0.88,0.0434782608695652,0.88
54,"rank",0.1,0.0769230769230769,0.96,0.0769230769230769,0.96
54,"bhq",0.1,0,0,0,0.96
54,"dp",0.2,0.266666666666667,0.88,0.185185185185185,0.88
54,"rank",0.2,0.166666666666667,1,0.137931034482759,1
54,"bhq",0.2,0,0,0,0.96
54,"dp",0.3,0.290322580645161,0.88,0.290322580645161,0.88
54,"rank",0.3,0.166666666666667,1,0.166666666666667,1
54,"bhq",0.3,0,0,0,1
55,"dp",0.1,0,0.88,0,0.88
55,"rank",0.1,0.166666666666667,1,0.166666666666667,1
55,"bhq",0.1,0,0,0,0.92
55,"dp",0.2,0.148148148148148,0.92,0.115384615384615,0.92
55,"rank",0.2,0.264705882352941,1,0.264705882352941,1
55,"bhq",0.2,0,0,0,0.96
55,"dp",0.3,0.323529411764706,0.92,0.323529411764706,0.92
55,"rank",0.3,0.375,1,0.264705882352941,1
55,"bhq",0.3,0,0,0.0384615384615385,1
56,"dp",0.1,0.08,0.92,0.08,0.92
56,"rank",0.1,0.2,0.96,0.2,0.96
56,"bhq",0.1,0,0,0,0.8
56,"dp",0.2,0.111111111111111,0.96,0.0769230769230769,0.96
56,"rank",0.2,0.314285714285714,0.96,0.225806451612903,0.96
56,"bhq",0.2,0,0,0,0.96
56,"dp",0.3,0.142857142857143,0.96,0.111111111111111,0.96
56,"rank",0.3,0.414634146341463,0.96,0.384615384615385,0.96
56,"bhq",0.3,0,0,0,0.96
57,"dp",0.1,0.153846153846154,0.88,0.130434782608696,0.8
57,"rank",0.1,0.16,0.84,0.0869565217391304,0.84
57,"bhq",0.1,0,0,0,0.72
57,"dp",0.2,0.290322580645161,0.88,0.290322580645161,0.88
57,"rank",0.2,0.28125,0.92,0.28125,0.92
57,"bhq",0.2,0,0,0,0.72
57,"dp",0.3,0.3125,0.88,0.3125,0.88
57,"rank",0.3,0.342857142857143,0.92,0.342857142857143,0.92
57,"bhq",0.3,0,0,0,0.88
58,"dp",0.1,0,0.92,0,0.88
58,"rank",0.1,0.193548387096774,1,0.04,0.96
58,"bhq",0.1,0,0,0.0740740740740741,1
58,"dp",0.2,0.04,0.96,0.04,0.96
58,"rank",0.2,0.509803921568627,1,0.509803921568627,1
58,"bhq",0.2,0,0,0.107142857142857,1
58,"dp",0.3,0.2,0.96,0.2,0.96
58,"rank",0.3,0.553571428571429,1,0.553571428571429,1
58,"bhq",0.3,0,0,0.137931034482759,1
59,"dp",0.1,0.0416666666666667,0.92,0.0434782608695652,0.88
59,"rank",0.1,0.04,0.96,0,0.96
59,"bhq",0.1,0,0,0,0.64
59,"dp",0.2,0.115384615384615,0.92,0.115384615384615,0.92
59,"rank",0.2,0.111111111111111,0.96,0.04,0.96
59,"bhq",0.2,0,0,0,0.64
59,"dp",0.3,0.233333333333333,0.92,0.148148148148148,0.92
59,"rank",0.3,0.285714285714286,1,0.285714285714286,1
59,"bhq",0.3,0,0,0,0.64
60,"dp",0.1,0.04,0.96,0.04,0.96
60,"rank",0.1,0.0740740740740741,1,0.0740740740740741,1
60,"bhq",0.1,0,0,0,0.88
60,"dp",0.2,0.225806451612903,0.96,0.0769230769230769,0.96
60,"rank",0.2,0.404761904761905,1,0.358974358974359,1
60,"bhq",0.2,0,0,0,0.92
60,"dp",0.3,0.414634146341463,0.96,0.314285714285714,0.96
60,"rank",0.3,0.456521739130435,1,0.444444444444444,1
60,"bhq",0.3,0,0,0,0.92
61,"dp",0.1,0.285714285714286,1,0.264705882352941,1
61,"rank",0.1,0.193548387096774,1,0.193548387096774,1
61,"bhq",0.1,0,0,0,0.76
61,"dp",0.2,0.375,1,0.305555555555556,1
61,"rank",0.2,0.242424242424242,1,0.242424242424242,1
61,"bhq",0.2,0,0,0,0.88
61,"dp",0.3,0.537037037037037,1,0.509803921568627,1
61,"rank",0.3,0.305555555555556,1,0.285714285714286,1
61,"bhq",0.3,0,0,0,0.88
62,"dp",0.1,0.04,0.96,0,0.96
62,"rank",0.1,0.225806451612903,0.96,0.225806451612903,0.96
62,"bhq",0.1,0,0,0,0.88
62,"dp",0.2,0.0769230769230769,0.96,0.0769230769230769,0.96
62,"rank",0.2,0.272727272727273,0.96,0.25,0.96
62,"bhq",0.2,0,0,0,0.92
62,"dp",0.3,0.111111111111111,0.96,0.0769230769230769,0.96
62,"rank",0.3,0.264705882352941,1,0.264705882352941,1
62,"bhq",0.3,0,0,0,0.96
63,"dp",0.1,0.142857142857143,0.96,0.111111111111111,0.96
63,"rank",0.1,0.166666666666667,1,0.166666666666667,1
63,"bhq",0.1,0,0,0,0.84
63,"dp",0.2,0.142857142857143,0.96,0.142857142857143,0.96
63,"rank",0.2,0.166666666666667,1,0.166666666666667,1
63,"bhq",0.2,0,0,0,0.84
63,"dp",0.3,0.314285714285714,0.96,0.225806451612903,0.96
63,"rank",0.3,0.21875,1,0.193548387096774,1
63,"bhq",0.3,0,0,0,0.96
64,"dp",0.1,0.107142857142857,1,0.0384615384615385,1
64,"rank",0.1,0.21875,1,0.21875,1
64,"bhq",0.1,0,0,0,0.92
64,"dp",0.2,0.285714285714286,1,0.193548387096774,1
64,"rank",0.2,0.264705882352941,1,0.21875,1
64,"bhq",0.2,0,0,0,0.92
64,"dp",0.3,0.418604651162791,1,0.418604651162791,1
64,"rank",0.3,0.285714285714286,1,0.285714285714286,1
64,"bhq",0.3,0,0,0,0.92
65,"dp",0.1,0,1,0,1
65,"rank",0.1,0.166666666666667,1,0.107142857142857,1
65,"bhq",0.1,0,0,0.0384615384615385,1
65,"dp",0.2,0.242424242424242,1,0.166666666666667,1
65,"rank",0.2,0.193548387096774,1,0.193548387096774,1
65,"bhq",0.2,0,0,0.0384615384615385,1
65,"dp",0.3,0.375,1,0.375,1
65,"rank",0.3,0.468085106382979,1,0.431818181818182,1
65,"bhq",0.3,0,0,0.0384615384615385,1
66,"dp",0.1,0.111111111111111,0.96,0.111111111111111,0.96
66,"rank",0.1,0.172413793103448,0.96,0.172413793103448,0.96
66,"bhq",0.1,0,0,0,0.76
66,"dp",0.2,0.285714285714286,1,0.285714285714286,1
66,"rank",0.2,0.172413793103448,0.96,0.172413793103448,0.96
66,"bhq",0.2,0,0,0,0.92
66,"dp",0.3,0.342105263157895,1,0.342105263157895,1
66,"rank",0.3,0.172413793103448,0.96,0.172413793103448,0.96
66,"bhq",0.3,0,0,0,0.96
67,"dp",0.1,0.21875,1,0.21875,1
67,"rank",0.1,0.166666666666667,1,0.0384615384615385,1
67,"bhq",0.1,0,0,0.0384615384615385,1
67,"dp",0.2,0.21875,1,0.21875,1
67,"rank",0.2,0.324324324324324,1,0.285714285714286,1
67,"bhq",0.2,0,0,0.0384615384615385,1
67,"dp",0.3,0.242424242424242,1,0.21875,1
67,"rank",0.3,0.404761904761905,1,0.390243902439024,1
67,"bhq",0.3,0,0,0.0384615384615385,1
68,"dp",0.1,0.12,0.88,0.12,0.88
68,"rank",0.1,0.115384615384615,0.92,0.115384615384615,0.92
68,"bhq",0.1,0,0,0,0.88
68,"dp",0.2,0.241379310344828,0.88,0.241379310344828,0.88
68,"rank",0.2,0.272727272727273,0.96,0.225806451612903,0.96
68,"bhq",0.2,0,0,0,0.96
68,"dp",0.3,0.241379310344828,0.88,0.241379310344828,0.88
68,"rank",0.3,0.351351351351351,0.96,0.294117647058824,0.96
68,"bhq",0.3,0,0,0,1
69,"dp",0.1,0.25,0.96,0.25,0.96
69,"rank",0.1,0.264705882352941,1,0.242424242424242,1
69,"bhq",0.1,0,0,0,0.96
69,"dp",0.2,0.305555555555556,1,0.305555555555556,1
69,"rank",0.2,0.375,1,0.324324324324324,1
69,"bhq",0.2,0,0,0,0.96
69,"dp",0.3,0.444444444444444,1,0.431818181818182,1
69,"rank",0.3,0.444444444444444,1,0.431818181818182,1
69,"bhq",0.3,0,0,0,0.96
70,"dp",0.1,0.242424242424242,1,0.242424242424242,1
70,"rank",0.1,0.0740740740740741,1,0.0740740740740741,1
70,"bhq",0.1,0,0,0,0.92
70,"dp",0.2,0.305555555555556,1,0.305555555555556,1
70,"rank",0.2,0.21875,1,0.193548387096774,1
70,"bhq",0.2,0,0,0,1
70,"dp",0.3,0.468085106382979,1,0.375,1
70,"rank",0.3,0.264705882352941,1,0.264705882352941,1
70,"bhq",0.3,0,0,0,1
71,"dp",0.1,0,1,0,1
71,"rank",0.1,0.264705882352941,1,0.264705882352941,1
71,"bhq",0.1,0,0,0,1
71,"dp",0.2,0.0384615384615385,1,0,1
71,"rank",0.2,0.404761904761905,1,0.342105263157895,1
71,"bhq",0.2,0,0,0.0384615384615385,1
71,"dp",0.3,0.285714285714286,1,0.21875,1
71,"rank",0.3,0.431818181818182,1,0.431818181818182,1
71,"bhq",0.3,0,0,0.0384615384615385,1
72,"dp",0.1,0.0740740740740741,1,0.0384615384615385,1
72,"rank",0.1,0.107142857142857,1,0.0384615384615385,1
72,"bhq",0.1,0,0,0,0.96
72,"dp",0.2,0.0740740740740741,1,0.0740740740740741,1
72,"rank",0.2,0.21875,1,0.107142857142857,1
72,"bhq",0.2,0,0,0,1
72,"dp",0.3,0.0740740740740741,1,0.0740740740740741,1
72,"rank",0.3,0.418604651162791,1,0.358974358974359,1
72,"bhq",0.3,0,0,0,1
73,"dp",0.1,0.148148148148148,0.92,0.08,0.92
73,"rank",0.1,0.2,0.96,0.142857142857143,0.96
73,"bhq",0.1,0,0,0,0.84
73,"dp",0.2,0.441860465116279,0.96,0.351351351351351,0.96
73,"rank",0.2,0.333333333333333,0.96,0.314285714285714,0.96
73,"bhq",0.2,0,0,0,0.88
73,"dp",0.3,0.441860465116279,0.96,0.441860465116279,0.96
73,"rank",0.3,0.4,0.96,0.384615384615385,0.96
73,"bhq",0.3,0,0,0,0.88
74,"dp",0.1,0.172413793103448,0.96,0.142857142857143,0.96
74,"rank",0.1,0.115384615384615,0.92,0,0.88
74,"bhq",0.1,0,0,0,0.92
74,"dp",0.2,0.294117647058824,0.96,0.2,0.96
74,"rank",0.2,0.166666666666667,1,0.166666666666667,1
74,"bhq",0.2,0,0,0,0.96
74,"dp",0.3,0.375,1,0.294117647058824,0.96
74,"rank",0.3,0.358974358974359,1,0.324324324324324,1
74,"bhq",0.3,0,0,0.0384615384615385,1
75,"dp",0.1,0.0769230769230769,0.96,0,0.96
75,"rank",0.1,0.193548387096774,1,0.166666666666667,1
75,"bhq",0.1,0,0,0,0.92
75,"dp",0.2,0.172413793103448,0.96,0.111111111111111,0.96
75,"rank",0.2,0.305555555555556,1,0.285714285714286,1
75,"bhq",0.2,0,0,0,0.92
75,"dp",0.3,0.478260869565217,0.96,0.478260869565217,0.96
75,"rank",0.3,0.342105263157895,1,0.305555555555556,1
75,"bhq",0.3,0,0,0,0.92
76,"dp",0.1,0.111111111111111,0.96,0.111111111111111,0.96
76,"rank",0.1,0.2,0.96,0.0416666666666667,0.92
76,"bhq",0.1,0,0,0,0.88
76,"dp",0.2,0.225806451612903,0.96,0.2,0.96
76,"rank",0.2,0.351351351351351,0.96,0.333333333333333,0.96
76,"bhq",0.2,0,0,0,0.88
76,"dp",0.3,0.5,1,0.456521739130435,1
76,"rank",0.3,0.537037037037037,1,0.537037037037037,1
76,"bhq",0.3,0,0,0,0.96
77,"dp",0.1,0.107142857142857,1,0.107142857142857,1
77,"rank",0.1,0.21875,1,0.166666666666667,1
77,"bhq",0.1,0,0,0,1
77,"dp",0.2,0.305555555555556,1,0.305555555555556,1
77,"rank",0.2,0.21875,1,0.21875,1
77,"bhq",0.2,0,0,0,1
77,"dp",0.3,0.324324324324324,1,0.324324324324324,1
77,"rank",0.3,0.342105263157895,1,0.305555555555556,1
77,"bhq",0.3,0,0,0.0384615384615385,1
78,"dp",0.1,0.107142857142857,1,0.107142857142857,1
78,"rank",0.1,0.305555555555556,1,0.305555555555556,1
78,"bhq",0.1,0,0,0,0.84
78,"dp",0.2,0.324324324324324,1,0.166666666666667,1
78,"rank",0.2,0.431818181818182,1,0.431818181818182,1
78,"bhq",0.2,0,0,0,0.92
78,"dp",0.3,0.390243902439024,1,0.375,1
78,"rank",0.3,0.468085106382979,1,0.468085106382979,1
78,"bhq",0.3,0,0,0,0.92
79,"dp",0.1,0.107142857142857,1,0.0384615384615385,1
79,"rank",0.1,0.285714285714286,1,0.264705882352941,1
79,"bhq",0.1,0,0,0,0.96
79,"dp",0.2,0.166666666666667,1,0.166666666666667,1
79,"rank",0.2,0.305555555555556,1,0.305555555555556,1
79,"bhq",0.2,0,0,0,0.96
79,"dp",0.3,0.342105263157895,1,0.21875,1
79,"rank",0.3,0.5,1,0.5,1
79,"bhq",0.3,0,0,0,1
80,"dp",0.1,0.111111111111111,0.96,0.111111111111111,0.96
80,"rank",0.1,0.0416666666666667,0.92,0.0416666666666667,0.92
80,"bhq",0.1,0,0,0,0.96
80,"dp",0.2,0.305555555555556,1,0.285714285714286,1
80,"rank",0.2,0.314285714285714,0.96,0.314285714285714,0.96
80,"bhq",0.2,0,0,0,1
80,"dp",0.3,0.358974358974359,1,0.358974358974359,1
80,"rank",0.3,0.324324324324324,1,0.324324324324324,1
80,"bhq",0.3,0,0,0,1
81,"dp",0.1,0.111111111111111,0.96,0.0769230769230769,0.96
81,"rank",0.1,0.323529411764706,0.92,0.323529411764706,0.92
81,"bhq",0.1,0,0,0,0.92
81,"dp",0.2,0.2,0.96,0.2,0.96
81,"rank",0.2,0.5,0.96,0.414634146341463,0.96
81,"bhq",0.2,0,0,0,0.96
81,"dp",0.3,0.418604651162791,1,0.375,1
81,"rank",0.3,0.529411764705882,0.96,0.529411764705882,0.96
81,"bhq",0.3,0,0,0,1
82,"dp",0.1,0.264705882352941,1,0.0740740740740741,1
82,"rank",0.1,0,0.92,0,0.92
82,"bhq",0.1,0,0,0.04,0.96
82,"dp",0.2,0.285714285714286,1,0.285714285714286,1
82,"rank",0.2,0.305555555555556,1,0.305555555555556,1
82,"bhq",0.2,0,0,0.107142857142857,1
82,"dp",0.3,0.468085106382979,1,0.285714285714286,1
82,"rank",0.3,0.390243902439024,1,0.390243902439024,1
82,"bhq",0.3,0,0,0.107142857142857,1
83,"dp",0.1,0.0384615384615385,1,0.0384615384615385,1
83,"rank",0.1,0.21875,1,0.21875,1
83,"bhq",0.1,0,0,0,0.92
83,"dp",0.2,0.193548387096774,1,0.166666666666667,1
83,"rank",0.2,0.404761904761905,1,0.404761904761905,1
83,"bhq",0.2,0,0,0,0.92
83,"dp",0.3,0.193548387096774,1,0.193548387096774,1
83,"rank",0.3,0.545454545454545,1,0.545454545454545,1
83,"bhq",0.3,0,0,0,0.92
84,"dp",0.1,0.111111111111111,0.96,0.0769230769230769,0.96
84,"rank",0.1,0.21875,1,0.08,0.92
84,"bhq",0.1,0,0,0,1
84,"dp",0.2,0.111111111111111,0.96,0.111111111111111,0.96
84,"rank",0.2,0.324324324324324,1,0.324324324324324,1
84,"bhq",0.2,0,0,0,1
84,"dp",0.3,0.305555555555556,1,0.225806451612903,0.96
84,"rank",0.3,0.545454545454545,1,0.375,1
84,"bhq",0.3,0,0,0,1
85,"dp",0.1,0.0833333333333333,0.88,0.0833333333333333,0.88
85,"rank",0.1,0.222222222222222,0.84,0.16,0.84
85,"bhq",0.1,0,0,0,0.88
85,"dp",0.2,0.115384615384615,0.92,0.0833333333333333,0.88
85,"rank",0.2,0.25,0.84,0.25,0.84
85,"bhq",0.2,0,0,0,0.92
85,"dp",0.3,0.2,0.96,0.2,0.96
85,"rank",0.3,0.28125,0.92,0.28125,0.92
85,"bhq",0.3,0,0,0,0.96
86,"dp",0.1,0.264705882352941,1,0.242424242424242,1
86,"rank",0.1,0.08,0.92,0.08,0.92
86,"bhq",0.1,0,0,0.0416666666666667,0.92
86,"dp",0.2,0.305555555555556,1,0.285714285714286,1
86,"rank",0.2,0.115384615384615,0.92,0.115384615384615,0.92
86,"bhq",0.2,0,0,0.0769230769230769,0.96
86,"dp",0.3,0.444444444444444,1,0.444444444444444,1
86,"rank",0.3,0.233333333333333,0.92,0.233333333333333,0.92
86,"bhq",0.3,0,0,0.111111111111111,0.96
87,"dp",0.1,0.08,0.92,0.08,0.92
87,"rank",0.1,0.25,0.96,0.148148148148148,0.92
87,"bhq",0.1,0,0,0,0.92
87,"dp",0.2,0.115384615384615,0.92,0.115384615384615,0.92
87,"rank",0.2,0.4,0.96,0.4,0.96
87,"bhq",0.2,0,0,0,1
87,"dp",0.3,0.172413793103448,0.96,0.111111111111111,0.96
87,"rank",0.3,0.441860465116279,0.96,0.441860465116279,0.96
87,"bhq",0.3,0,0,0,1
88,"dp",0.1,0.137931034482759,1,0.111111111111111,0.96
88,"rank",0.1,0.294117647058824,0.96,0.272727272727273,0.96
88,"bhq",0.1,0,0,0,0.6
88,"dp",0.2,0.21875,1,0.166666666666667,1
88,"rank",0.2,0.294117647058824,0.96,0.294117647058824,0.96
88,"bhq",0.2,0,0,0,0.72
88,"dp",0.3,0.21875,1,0.21875,1
88,"rank",0.3,0.333333333333333,0.96,0.294117647058824,0.96
88,"bhq",0.3,0,0,0,0.76
89,"dp",0.1,0.323529411764706,0.92,0.303030303030303,0.92
89,"rank",0.1,0.314285714285714,0.96,0.225806451612903,0.96
89,"bhq",0.1,0,0,0,0.88
89,"dp",0.2,0.5,1,0.456521739130435,1
89,"rank",0.2,0.333333333333333,0.96,0.333333333333333,0.96
89,"bhq",0.2,0,0,0,0.92
89,"dp",0.3,0.545454545454545,1,0.545454545454545,1
89,"rank",0.3,0.414634146341463,0.96,0.351351351351351,0.96
89,"bhq",0.3,0,0,0,0.92
90,"dp",0.1,0.193548387096774,1,0.166666666666667,1
90,"rank",0.1,0.242424242424242,1,0.193548387096774,1
90,"bhq",0.1,0,0,0,0.84
90,"dp",0.2,0.21875,1,0.21875,1
90,"rank",0.2,0.324324324324324,1,0.242424242424242,1
90,"bhq",0.2,0,0,0,0.88
90,"dp",0.3,0.342105263157895,1,0.324324324324324,1
90,"rank",0.3,0.418604651162791,1,0.390243902439024,1
90,"bhq",0.3,0,0,0,0.92
91,"dp",0.1,0.142857142857143,0.96,0.111111111111111,0.96
91,"rank",0.1,0.12,0.88,0.12,0.88
91,"bhq",0.1,0,0,0,0.68
91,"dp",0.2,0.225806451612903,0.96,0.225806451612903,0.96
91,"rank",0.2,0.148148148148148,0.92,0.12,0.88
91,"bhq",0.2,0,0,0,0.76
91,"dp",0.3,0.342105263157895,1,0.324324324324324,1
91,"rank",0.3,0.178571428571429,0.92,0.178571428571429,0.92
91,"bhq",0.3,0,0,0,0.92
92,"dp",0.1,0.107142857142857,1,0.107142857142857,1
92,"rank",0.1,0.324324324324324,1,0.193548387096774,1
92,"bhq",0.1,0,0,0,0.84
92,"dp",0.2,0.264705882352941,1,0.21875,1
92,"rank",0.2,0.324324324324324,1,0.324324324324324,1
92,"bhq",0.2,0,0,0,0.96
92,"dp",0.3,0.285714285714286,1,0.264705882352941,1
92,"rank",0.3,0.390243902439024,1,0.390243902439024,1
92,"bhq",0.3,0,0,0,0.96
93,"dp",0.1,0.166666666666667,1,0.0384615384615385,1
93,"rank",0.1,0.0769230769230769,0.96,0.0769230769230769,0.96
93,"bhq",0.1,0,0,0,1
93,"dp",0.2,0.375,1,0.242424242424242,1
93,"rank",0.2,0.193548387096774,1,0.166666666666667,1
93,"bhq",0.2,0,0,0.0384615384615385,1
93,"dp",0.3,0.444444444444444,1,0.404761904761905,1
93,"rank",0.3,0.264705882352941,1,0.264705882352941,1
93,"bhq",0.3,0,0,0.0384615384615385,1
94,"dp",0.1,0.107142857142857,1,0.0740740740740741,1
94,"rank",0.1,0.0476190476190476,0.8,0.0476190476190476,0.8
94,"bhq",0.1,0,0,0,0.8
94,"dp",0.2,0.390243902439024,1,0.193548387096774,1
94,"rank",0.2,0.25,0.84,0.125,0.84
94,"bhq",0.2,0,0,0,0.84
94,"dp",0.3,0.431818181818182,1,0.431818181818182,1
94,"rank",0.3,0.352941176470588,0.88,0.3,0.84
94,"bhq",0.3,0,0,0,0.88
95,"dp",0.1,0.2,0.96,0,0.92
95,"rank",0.1,0.0833333333333333,0.88,0,0.76
95,"bhq",0.1,0,0,0,0.88
95,"dp",0.2,0.225806451612903,0.96,0.2,0.96
95,"rank",0.2,0.290322580645161,0.88,0.241379310344828,0.88
95,"bhq",0.2,0,0,0,0.96
95,"dp",0.3,0.272727272727273,0.96,0.225806451612903,0.96
95,"rank",0.3,0.333333333333333,0.88,0.333333333333333,0.88
95,"bhq",0.3,0,0,0,0.96
96,"dp",0.1,0.294117647058824,0.96,0.225806451612903,0.96
96,"rank",0.1,0.242424242424242,1,0.193548387096774,1
96,"bhq",0.1,0,0,0.0384615384615385,1
96,"dp",0.2,0.4,0.96,0.333333333333333,0.96
96,"rank",0.2,0.305555555555556,1,0.305555555555556,1
96,"bhq",0.2,0,0,0.0384615384615385,1
96,"dp",0.3,0.529411764705882,0.96,0.5,0.96
96,"rank",0.3,0.404761904761905,1,0.404761904761905,1
96,"bhq",0.3,0,0,0.0384615384615385,1
97,"dp",0.1,0.2,0.96,0.2,0.96
97,"rank",0.1,0.2,0.96,0.2,0.96
97,"bhq",0.1,0,0,0,0.88
97,"dp",0.2,0.384615384615385,0.96,0.333333333333333,0.96
97,"rank",0.2,0.225806451612903,0.96,0.225806451612903,0.96
97,"bhq",0.2,0,0,0.04,0.96
97,"dp",0.3,0.509803921568627,1,0.509803921568627,1
97,"rank",0.3,0.264705882352941,1,0.264705882352941,1
97,"bhq",0.3,0,0,0.0769230769230769,0.96
98,"dp",0.1,0.111111111111111,0.96,0.111111111111111,0.96
98,"rank",0.1,0.25,0.96,0.225806451612903,0.96
98,"bhq",0.1,0,0,0,0.92
98,"dp",0.2,0.351351351351351,0.96,0.314285714285714,0.96
98,"rank",0.2,0.390243902439024,1,0.375,1
98,"bhq",0.2,0,0,0,0.96
98,"dp",0.3,0.4,0.96,0.368421052631579,0.96
98,"rank",0.3,0.5,1,0.5,1
98,"bhq",0.3,0,0,0,0.96
99,"dp",0.1,0.0740740740740741,1,0,1
99,"rank",0.1,0.0384615384615385,1,0,0.96
99,"bhq",0.1,0,0,0,0.88
99,"dp",0.2,0.193548387096774,1,0.166666666666667,1
99,"rank",0.2,0.137931034482759,1,0.107142857142857,1
99,"bhq",0.2,0,0,0.0434782608695652,0.88
99,"dp",0.3,0.21875,1,0.193548387096774,1
99,"rank",0.3,0.264705882352941,1,0.264705882352941,1
99,"bhq",0.3,0,0,0.0740740740740741,1
100,"dp",0.1,0.21875,1,0.166666666666667,1
100,"rank",0.1,0.285714285714286,1,0.193548387096774,1
100,"bhq",0.1,0,0,0.04,0.96
100,"dp",0.2,0.285714285714286,1,0.21875,1
100,"rank",0.2,0.5,1,0.418604651162791,1
100,"bhq",0.2,0,0,0.107142857142857,1
100,"dp",0.3,0.390243902439024,1,0.375,1
100,"rank",0.3,0.519230769230769,1,0.509803921568627,1
100,"bhq",0.3,0,0,0.107142857142857,1
